Mata Kuliah,Relevance Score (avg),Top-1 Score (avg),Avg Response Time (ms),Jumlah Query
Algoritma dan Pemrograman,0.9526059162399877,0.9709473904681882,52.7285,20
Basis Data,0.8737758429529701,0.9049091889093569,39.6125,20
OOP Java,0.9556856678286746,0.9794821265452708,37.5335,20
Pemrograman Mobile,0.9293714814064179,0.9494799672935299,44.75714285714285,21
Pemrograman Website,0.8562722192846287,0.8865019073571825,39.7705,20
