Mata Kuliah,Relevance Score (avg),Top-1 Score (avg),Avg Response Time (ms),Jumlah Query
Algoritma dan Pemrograman,0.9526059162399877,0.9709473904681882,52.03249999999999,20
Basis Data,0.9463728521979521,0.9796906262316348,40.058499999999995,20
OOP Java,0.9556856678286746,0.9794821265452708,40.195,20
Pemrograman Mobile,0.9508400554767388,0.9719539656582065,40.8735,20
Pemrograman Website,0.9238257504831136,0.9587566635697099,39.5375,20
